,USE,101,102,103,201,301,401,501,601,701,801,802,901,1001,1101,1102,1103,1104,1105,1106,1107,1108,1109,1201,1202,1205,1301,1302,1303,1304,1305,1306,1401,1402,1501,1502,1601,1701,1801,1802,1803,1804,1901,1902,2001,2002,2003,2004,2005,2101,2102,2201,2202,2203,2204,2301,2302,2303,2304,2401,2403,2404,2405,2501,2502,2601,2605,2701,2801,2901,3001,3002,3101,3201,3301,3901,4401,4501,4601,4701,4801,4901,5101,5201,5401,5501,5601,5701,5801,6001,6201,6301,6401,6601,6701,6702,6901,7001,7210,7310,7501,7601,7701,8010,8110,8210,8401,8601,8901,9101,9201,9401,9402,9501,9502,,,,,,,,,,
,,"Sheep, grains, beef and dairy cattle",Poultry and other livestock,Other agriculture,Aquaculture,Forestry and logging,"Fishing, hunting and trapping","Agriculture, forestry and fishing support services",Coal mining,Oil and gas extraction,Iron ore mining,Non-ferrous metal ore mining,Non-metallic mineral mining,Exploration and mining support services,Meat and meat product manufacturing,Processed seafood manufacturing,Dairy product manufacturing,Fruit and vegetable product manufacturing,Oils and fats manufacturing,Grain mill and cereal product manufacturing,Bakery product manufacturing,Sugar and confectionery manufacturing,Other food product manufacturing,"Soft drinks, cordials and syrup manufacturing",Beer manufacturing,"Wine, spirits and tobacco",Textile manufacturing,"Tanned leather, dressed fur and leather product manufacturing",Textile product manufacturing,Knitted product manufacturing,Clothing manufacturing,Footwear manufacturing,Sawmill product manufacturing,Other wood product manufacturing,"Pulp, paper and paperboard manufacturing",Paper stationery and other converted paper product manufacturing,Printing (including the reproduction of recorded media),Petroleum and coal product manufacturing,Human pharmaceutical and medicinal product manufacturing,Veterinary pharmaceutical and medicinal product manufacturing,Basic chemical manufacturing,Cleaning compounds and toiletry preparation manufacturing,Polymer product manufacturing,Natural rubber product manufacturing,Glass and glass product manufacturing,Ceramic product manufacturing,"Cement, lime and ready-mixed concrete manufacturing",Plaster and concrete product manufacturing,Other non-metallic mineral product manufacturing,Iron and steel manufacturing,Basic non-ferrous metal manufacturing,Forged iron and steel product manufacturing,Structural metal product manufacturing,Metal containers and other sheet metal product manufacturing,Other fabricated metal product manufacturing,"Motor vehicles and parts;
 other transport equipment manufacturing",Ships and boat manufacturing,Railway rolling stock manufacturing,Aircraft manufacturing,"Professional, scientific, computer and electronic equipment manufacturing",Electrical equipment manufacturing,Domestic appliance manufacturing,Specialised and other machinery and equipment manufacturing,Furniture manufacturing,Other manufactured products,Electricity generation,"Electricity transmission, distribution, on selling and electricity market operation",Gas supply,"Water supply, sewerage and drainage services","Waste collection, treatment and disposal services",Residential building construction,Non-residential building construction,Heavy and civil engineering construction,Construction services,Wholesale trade,Retail trade,Accommodation,Food and beverage services,Road transport,Rail transport,"Water, pipeline and other transport",Air and space transport,Postal and courier pick-up and delivery service,Transport support services and storage,Publishing (except internet and music publishing),Motion picture and sound recording,Broadcasting (except internet),"Internet service providers, internet publishing and broadcasting, websearch portals and data processing",Telecommunication services,Library and other information services,Finance,Insurance and superannuation funds,Auxiliary finance and insurance services,Rental and hiring services (except real estate),Ownership of dwellings,Non-residential property operators and real estate services,"Professional, scientific and technical services",Computer systems design and related services,"Employment, travel agency and other administrative services","Building cleaning, pest control and other support services",Public administration and regulatory services,Defence,Public order and safety,Primary and secondary education services (including pre-schools and special schools),"Technical, vocational and tertiary education services (including undergraduate and postgraduate)","Arts, sports, adult and other education services (including community education)",Health care services,Residential care and social assistance services,"Heritage, creative and performing arts",Sports and recreation,Gambling,Automotive repair and maintenance,Other repair and maintenance,Personal services,Other services,Total Industry Uses,"Households ;
 Final Consumption Expenditure","General Government ;
 Final Consumption Expenditure","Private ;
 Gross Fixed Capital Formation","Public Corporations ;
 Gross Fixed Capital Formation","General Government ;
 Gross Fixed Capital Formation",Changes in Inventories,Exports of Goods and Services,"Final Uses 
(Q1 to Q7)",Total Supply
FROM INDUSTRY,,,,,,,,,,,,,,,,,,,,,,,,,,,,,,,,,,,,,,,,,,,,,,,,,,,,,,,,,,,,,,,,,,,,,,,,,,,,,,,,,,,,,,,,,,,,,,,,,,,,,,,,,,,,,,,,,,,,T4,Q1,Q2,Q3,Q4,Q5,Q6,Q7,T5,T6
101,"Sheep, grains, beef and dairy cattle", 2 774,336,346,1,0,1,19,1,1,1,2,0,0, 16 926,1, 4 678,4,85, 2 039,89,29,91,16,450,256,223,63,850,0,0,0,5,5,0,1,0,1,47,59,63,31,1,0,1,0,2,0,1,1,5,0,2,0,1,1,0,0,0,1,0,0,1,1,0,1,0,0,1,0,11,6,4,26,302, 1 154,42,71,2,0,0,3,1,5,0,0,0,0,1,0,0,0,0,0,0,836,37,0,0,6,4,1,8,1,2,0,8,40,0,1,0,1,1,3,133, 32 229,278,10, 1 804,77,233,-174, 9 961, 12 189, 44 418
102,Poultry and other livestock,57,140,140,0,0,5,1,0,0,0,0,0,0, 4 471,0,114,0,1,3,47,23,159,0,0,0,0,0,0,0,0,0,1,1,0,0,0,0,9,0,0,0,0,0,0,0,0,0,0,0,1,0,0,0,0,0,0,0,0,0,0,0,0,0,0,0,0,0,0,0,2,1,1,5,174,449,74,203,0,0,0,1,0,0,0,2,0,0,0,0,0,0,0,0,0,73,5,0,0,0,0,0,5,18,25,2,40,14,0,70,19,0,0,1,0, 6 366,854,1, 1 281,4,7,-16,268, 2 398, 8 764
103,Other agriculture, 2 752,561,611,1,0,1, 2 014,0,0,0,1,0,0,25,1,14,951,23,4,96, 1 549,863,21,3, 2 156,2,1,2,0,0,0,3,3,1,3,1,0,4,0,2,0,301,19,2,1,3,1,1,0,2,0,1,0,1,0,0,0,0,0,0,0,0,15,0,2,2,0,12,0,99,48,33,449,72,513,218,868,4,5,7,6,6,31,0,21,0,0,0,0,2,0,0,24,0,104,17,0,11,7,27,7,14,27,47,7,176,68,18,135,104,4,3,83,2, 15 304, 7 996,4, 1 016,24,89,72, 2 314, 11 514, 26 818
201,Aquaculture,0,0,0,50,0,0,0,0,0,0,0,0,0,0,241,0,0,110,0,26,14,245,0,0,0,0,0,0,0,0,0,0,0,0,0,0,0,0,0,0,0,0,0,0,0,0,0,0,0,0,0,0,0,0,0,0,0,0,0,0,0,0,0,0,0,0,0,0,0,0,0,0,0,11,302,113,181,0,0,0,0,0,0,0,0,0,0,0,0,0,0,0,0,0,0,0,0,0,0,0,0,0,0,0,0,0,0,0,0,11,0,0,0,0, 1 308,683,0,10,0,2,13,75,783, 2 091
301,Forestry and logging,36,11,19,0,229,0,0,5,9,1,2,0,0,1,0,0,0,0,1,0,0,0,1,0,0,0,0,0,0,0,0, 1 877,777,0,0,3,8,25,0,98,28,33,0,0,0,1,0,0,0,1,0,1,0,0,1,1,0,0,1,0,0,0,0,0,0,0,0,1,0,3,1,1,8,1,1,0,1,1,2,0,1,0,0,0,0,0,6,0,0,0,0,0,1,0,54,9,5,5,1,0,0,1,1,1,0,1,1,0,0,0,2,1,0,0, 3 291,69,70,32,0,8,80,543,802, 4 093
401,"Fishing, hunting and trapping",26,8,25,1,0,7,2,7,19,2,12,1,0,0,362,0,0,1,1,0,0,23,2,0,0,0,17,0,0,0,0,0,0,0,0,0,3,0,0,0,0,0,0,0,0,0,0,0,1,0,0,1,0,0,1,0,0,0,0,0,0,0,0,0,2,3,1,0,0,8,2,14,32,26,498,38,95,2,1,0,1,1,6,0,0,0,0,1,0,0,0,0,1,0,1,2,0,1,5,8,0,2,0,1,0,5,2,3,2,2,0,10,4,0, 1 306,653,24,24,0,6,29,914, 1 650, 2 956
501,"Agriculture, forestry and fishing support services", 2 433,142, 2 708,30,613,199,145,20,13,26,144,9,0,1,0,0,0,0,0,0,0,0,0,0,0,0,0,0,0,0,0,1,1,0,0,0,2,0,0,0,0,0,0,0,0,1,0,0,1,1,0,1,0,0,1,1,0,0,0,0,0,0,0,0,1,2,1,0,0,7,2,10,25,8,2,1,1,5,1,0,1,1,5,0,0,0,2,1,0,2,2,0,1,0,2,8,3,2,3,41,1,3,1,1,0,4,1,0,1,0,1,7,2,0, 6 661,7,524,83,1,20,- 1 509, 2 578, 1 704, 8 365
601,Coal mining,25,3,10,1,0,1,3, 1 461,255,637, 1 079,166,19,7,0,2,3,2,11,1,7,4,4,2,2,2,0,1,0,0,0,1,2,13,8,2,14,10,0,22,2,4,0,1,0,25,1,1, 1 053,480,0,46,34,4,5,1,0,1,1,1,0,2,1,0, 2 140,7,4,2,3,46,9,44,52,107,30,7,10,19,11,3,3,4,29,1,2,1,5,14,0,8,9,26,7,89,27,166,37,81,4,38,35,4,10,12,2,17,8,1,3,3,6,8,6,0, 8 602,51,38,120,13,40,-759, 66 593, 66 096, 74 698
701,Oil and gas extraction,56,3,16,6,0,2,6,542,917,441,501,82,19,85,1,98,25,50,48,42,45,95,28,26,46,1,0,6,0,3,0,10,66,114,124,30,733,7,1, 2 102,9,203,17,205,37,46,99,29,144,640,11,66,34,40,23,6,9,9,10,5,4,16,5,4, 1 881,22,36,16,3,204,195,86,333,248,81,30,508,257,14,13,4,137,57,24,11,1,2,38,0,8,3,6,59,63,56,176,6,50,9,139,46,19,66,47,9,130,124,3,11,8,21,23,30,10, 13 371, 4 718,12, 1 934,192,666,-223, 57 718, 65 017, 78 388
801,Iron ore mining,37,4,20,2,0,3,8,263,86,94,139,8,4,5,0,4,1,1,13,2,4,4,6,3,3,0,0,1,0,0,0,1,3,3,11,3,20,13,1,14,4,7,1,2,0,8,1,0,937,85,1,25,7,6,9,3,1,3,1,1,0,3,1,1,20,17,10,5,33,65,15,96,178,381,103,6,35,121,79,19,7,16,117,2,7,2,13,35,0,16,13,78,35,1,45,455,98,230,23,43,5,12,23,25,6,35,16,5,10,9,10,35,19,1, 4 525,78,15,315,37,123, 1 948, 73 547, 76 063, 80 588
802,Non-ferrous metal ore mining,16,2,10,0,0,0,3,180,92,104,193,24,25,5,0,2,1,0,1,1,7,1,1,1,2,0,0,1,0,1,0,2,5,5,2,1,7,5,0,257,7,4,2,2,2,487,14,140,612, 28 484,1,4,1,2,4,1,1,2,1,1,0,3,2,2,9,19,2,16,1,180,137,95,421,61,41,11,25,6,7,1,2,2,20,1,2,1,3,14,0,8,8,13,18,32,30,91,20,33,3,83,13,3,7,7,2,20,6,1,2,2,3,3,4,1, 32 224,220,6,642,72,241,634, 16 029, 17 844, 50 068
901,Non-metallic mineral mining,13,2,7,0,0,0,2,57,28,31,86,10,15,3,0,2,1,0,1,1,1,62,1,0,1,0,0,0,0,0,0,2,2,0,1,1,4,1,0,33,0,2,0,242,106,669,54,212,118,4,31,6,2,13,2,1,1,1,1,2,0,4,1,46,4,6,2,15,14,161,147,192, 2 165,54,27,3,7,8,3,2,2,2,13,1,2,0,4,17,1,4,3,22,5,21,21,147,39,71,5,25,7,4,7,9,3,22,8,2,9,12,3,4,6,0, 5 200,64,5,71,3,18,152, 1 152, 1 466, 6 666
1001,Exploration and mining support services,35,5,14,1,1,1,3, 4 371,786, 1 984, 3 457,516,58,3,0,8,2,1,6,3,5,8,11,6,5,0,0,1,0,0,0,1,4,3,23,5,13,29,1,9,5,12,0,2,0,15,1,0,8,5,1,41,14,10,12,2,1,1,2,2,0,5,2,1,5,7,2,4,13,47,21,53,53,152,41,10,12,58,11,4,3,13,55,2,1,1,1,45,0,11,10,3,6,117,27,44,14,20,4,51,46,6,12,19,4,30,10,3,3,2,11,6,5,1, 12 600,115,169, 3 738,4,53,0,204, 4 283, 16 883
1101,Meat and meat product manufacturing,141,68,3,6,0,2,6,5,14,4,12,1,1,591,2,8,80,28,32,582,39,782,7,1,2,0,290,1,0,0,0,2,2,1,1,1,2,4,1,65,15,1,0,1,0,1,0,0,2,3,0,2,0,1,1,1,0,1,1,1,0,2,1,9,2,3,1,2,17,13,12,19,91,762,439,405, 6 168,4,3,1,3,4,10,0,1,0,0,4,0,1,1,1,8,2,5,74,2,22,13,10,7,29,30,44,3,263,266,3,38,11,23,7,14,20, 11 690, 9 378,0,130,2,33,-970, 12 683, 21 257, 32 947
1102,Processed seafood manufacturing,2,0,1,5,0,2,2,3,2,1,7,0,1,1,1,3,6,0,2,9,1,41,0,0,0,0,0,0,0,0,0,0,1,0,0,0,1,2,0,5,2,1,0,0,0,1,0,0,0,0,0,1,0,0,1,0,0,0,0,0,0,1,0,0,0,1,0,0,0,4,2,2,7,26,22,8,48,1,0,0,1,1,2,0,0,0,1,3,0,1,0,0,1,0,2,3,1,2,1,2,3,3,3,6,1,19,27,0,1,4,1,1,1,0,320,490,0,10,0,2,-7,399,895, 1 215
1103,Dairy product manufacturing,49,17,1,0,0,0,1,3,5,5,16,0,1,18,0, 1 761,14,88,15,151,109,340,8,0,8,0,0,0,0,0,0,1,1,0,0,0,1,26,0,3,21,1,0,0,0,1,0,1,0,1,0,1,0,0,1,1,1,2,2,1,0,1,0,2,1,1,0,5,31,14,9,11,33,52,205,84,444,3,2,0,1,9,3,0,1,0,3,4,0,2,2,2,3,8,9,65,8,33,14,5,9,42,45,69,9,356,429,3,2,18,12,5,20,29, 4 797, 6 147,0,50,1,12,138, 2 837, 9 185, 13 982
1104,Fruit and vegetable product manufacturing,2,1,1,2,0,2,4,2,8,2,3,0,4,48,0,21,41,1,19,96,6,155,3,0,0,0,0,0,0,0,0,0,1,0,0,0,0,1,0,2,1,0,0,0,0,0,0,0,0,0,0,1,0,0,1,0,0,0,1,0,0,1,0,0,0,1,0,0,0,5,2,3,8,8,26,17,163,2,1,0,1,1,1,0,0,0,0,1,0,0,1,0,1,4,1,2,0,1,1,2,15,13,8,11,1,42,61,1,2,6,2,2,1,3,853, 2 245,0,37,2,10,44, 1 554, 3 891, 4 744
1105,Oils and fats manufacturing,3,1,2,0,0,0,1,2,5,1,4,0,0,1,2,20,43,305,10,134,21,93,2,1,0,0,0,0,0,0,0,0,0,0,0,0,1,12,0,10,3,18,0,0,0,0,0,0,0,0,0,1,0,0,0,0,0,0,0,0,0,0,0,0,1,1,0,0,0,3,1,4,11,4,9,5,32,1,0,0,0,0,2,0,0,0,0,0,0,0,0,0,0,0,0,1,0,0,1,1,1,1,4,7,1,10,16,0,1,1,1,3,1,0,827,428,0,12,0,3,22,530,995, 1 822
1106,Grain mill and cereal product manufacturing,17,14,10,1,1,1,3,2,3,1,4,0,2,23,0,24,59,3,94,595,123,142,29,11,0,0,0,1,0,0,0,0,1,0,0,0,0,1,0,1,0,1,0,0,0,0,0,0,1,0,0,1,0,1,1,0,0,1,1,1,0,2,1,0,0,1,0,0,1,7,3,2,15,12,161,95,229,3,0,0,1,1,0,0,0,0,0,1,0,0,0,0,0,1,0,3,0,1,0,1,11,14,16,27,3,96,173,1,8,12,4,3,1,0, 2 089, 2 336,0,44,1,9,15, 1 505, 3 910, 5 999
1107,Bakery product manufacturing,5,2,4,1,0,1,2,17,4,8,32,1,14,5,1,29,21,2,20,211,37,63,3,2,0,0,0,1,0,0,0,0,1,2,2,1,23,3,0,3,1,2,2,1,0,1,0,0,2,0,1,3,1,2,1,2,2,5,2,5,0,3,1,0,1,1,3,1,15,4,2,2,18,38,125,68,835,2,1,5,0,3,1,0,1,0,0,1,0,0,0,0,2,0,2,22,1,6,3,7,33,17,43,81,8,45,147,2,4,18,2,2,6,3, 2 140, 5 003,0,28,1,6,207,797, 6 043, 8 183
1108,Sugar and confectionery manufacturing,8,3,4,2,0,1,2,13,21,9,37,2,3,2,2,98,15,3,130,345,826,442,218,33,10,0,0,0,0,0,0,0,1,1,2,1,8,22,0,2,4,3,0,1,0,3,1,0,2,2,0,3,1,2,2,2,0,1,2,2,1,1,1,2,3,5,1,2,1,18,4,14,36,24,79,118,709,12,4,2,2,4,8,1,3,0,14,15,0,6,6,12,5,18,12,73,27,28,14,14,24,20,15,20,2,28,153,8,35,21,5,9,11,1, 3 945, 2 473,1,78,7,27,-17, 2 079, 4 649, 8 594
1109,Other food product manufacturing,656,417,7,66,1,18,49,7,12,4,11,1,7,18,2,153,103,9,72,319,94,416,9,2,1,0,0,1,0,0,0,3,4,1,1,1,2,3,2,19,6,2,0,1,0,2,1,0,2,2,0,4,1,2,4,1,1,2,4,2,1,6,2,1,2,2,1,2,24,21,11,8,61,46,219,62,405,9,1,0,3,3,2,1,11,0,1,4,0,2,2,1,2,1,2,12,2,6,3,19,50,53,27,47,4,77,217,31,593,36,11,9,51,3, 4 701, 4 992,0,98,3,21,303, 2 330, 7 747, 12 448
1201,"Soft drinks, cordials and syrup manufacturing",3,1,1,0,0,0,1,3,4,2,6,0,0,1,0,26,29,2,1,6,4,9,45,0,3,0,0,1,0,0,0,0,1,0,1,1,1,1,0,0,1,1,0,0,0,0,0,0,1,0,0,1,0,0,1,1,0,1,1,0,0,1,0,0,1,1,0,0,1,6,2,4,11,4,7,4,47,4,1,0,1,1,1,0,0,0,1,2,0,1,5,3,1,4,2,6,2,2,2,2,10,2,2,3,0,11,22,1,15,20,2,3,2,5,388, 4 298,0,24,1,5,-36,740, 5 033, 5 421
1202,Beer manufacturing,10,0,2,0,0,0,8,1,4,1,7,1,0,0,0,0,0,0,0,0,0,0,11,135,4,0,0,1,0,0,0,0,1,1,0,0,0,0,0,0,0,1,0,0,0,0,0,0,1,0,0,0,0,0,0,1,0,0,0,0,0,1,0,0,0,0,0,0,0,1,0,1,1,5,5,208,856,1,1,0,10,0,0,0,0,0,0,0,0,12,0,0,1,0,1,1,0,1,0,15,6,1,0,15,1,1,2,0,4,32,1,0,1,0, 1 378, 2 484,0,9,0,2,-73,614, 3 037, 4 415
1205,"Wine, spirits and tobacco",3,0,4,1,0,0,1,4,4,2,10,1,2,1,0,1,1,0,1,1,2,2,1,1,116,0,0,1,0,0,0,0,1,2,1,2,3,9,0,4,0,13,1,1,0,1,1,0,1,0,0,2,1,2,1,1,1,1,1,1,0,2,1,1,1,1,0,3,1,6,4,5,16,6,5,45,348,3,1,0,4,1,1,0,0,0,1,2,0,17,1,0,1,0,2,8,2,2,1,10,2,1,2,9,1,6,3,0,1,6,3,3,2,0,756, 2 924,9,60,6,19,-27, 2 682, 5 673, 6 429
1301,Textile manufacturing,0,0,0,0,0,0,0,1,0,0,1,0,0,2,0,0,0,0,0,0,0,0,0,0,0,7,0,25,0,1,0,0,3,0,3,4,1,16,0,3,2,55,0,0,0,0,0,1,0,0,0,0,0,0,0,2,0,1,1,5,0,1,5,0,0,0,0,1,0,1,1,1,2,0,1,0,0,0,0,0,0,0,0,0,0,0,0,0,0,0,0,0,0,0,0,1,0,0,0,0,0,0,10,6,0,2,2,0,0,0,0,1,0,0,169,12,0,2,0,1,1,307,324,493
1302,"Tanned leather, dressed fur and leather product manufacturing",0,0,0,0,0,0,0,0,0,0,0,0,0,2,0,0,0,0,0,0,0,0,0,0,0,0,10,16,0,0,0,0,0,0,0,4,0,0,0,0,0,2,0,0,0,0,0,0,0,0,0,0,0,0,0,0,0,0,0,0,0,0,2,0,0,0,0,0,0,0,0,0,1,12,0,0,0,0,0,0,0,0,0,0,0,0,0,0,0,0,0,0,0,0,0,0,0,0,0,0,0,0,0,0,0,0,0,0,3,1,0,0,0,0,62,100,0,2,0,0,14,633,750,812
1303,Textile product manufacturing,4,0,4,2,0,3,3,4,20,3,7,0,1,5,0,3,1,0,3,2,2,4,2,0,1,0,0,38,0,1,0,1,4,0,3,6,0,1,0,5,1,11,0,0,0,1,2,0,3,0,0,6,1,7,9,13,2,3,4,3,0,4,14,1,1,1,0,6,7,294,233,23,301,21,23,4,7,24,2,1,1,2,1,1,1,0,1,2,0,1,1,1,1,1,1,6,1,2,3,4,7,5,24,17,1,19,25,1,2,2,5,4,7,6, 1 322,879,0,305,18,255,-18,241, 1 679, 3 001
1304,Knitted product manufacturing,0,0,0,0,0,0,0,0,0,0,0,0,0,0,0,0,0,0,0,0,0,0,0,0,0,0,0,2,0,2,0,0,0,0,0,0,0,0,0,0,0,0,0,0,0,0,0,0,0,0,0,0,0,0,0,0,0,0,0,0,0,0,1,0,0,0,0,0,0,0,0,0,0,0,2,0,0,0,0,0,0,0,0,0,0,0,0,0,0,0,1,0,0,0,0,0,0,0,0,0,0,0,0,0,0,1,0,0,0,0,0,0,0,0,13,12,0,2,0,0,0,16,31,44
1305,Clothing manufacturing,3,0,2,0,0,0,1,3,1,2,5,0,0,2,0,2,1,0,1,1,1,2,1,0,0,2,3,9,0,5,0,0,1,0,1,2,1,1,0,1,0,2,0,4,0,0,0,0,1,0,0,2,0,1,2,1,0,1,2,1,0,3,1,1,1,1,0,1,1,11,5,4,21,13,12,1,7,5,1,0,1,1,0,0,0,0,0,2,0,0,0,1,1,1,0,3,1,1,1,1,2,1,2,3,0,14,5,0,2,1,5,4,1,0,226,165,0,51,1,10,27,612,865, 1 091
1306,Footwear manufacturing,0,0,0,0,0,0,0,1,1,0,1,0,0,1,0,0,0,0,0,0,0,0,0,0,0,0,0,4,0,0,1,0,0,0,0,1,0,0,0,0,0,1,0,0,0,0,0,0,0,0,0,0,0,0,0,0,0,0,0,0,0,0,0,0,0,0,0,0,0,2,1,0,3,2,1,0,1,1,0,0,0,0,0,0,0,0,0,1,0,0,0,0,0,0,0,1,0,0,0,0,0,0,0,0,0,6,2,0,0,0,1,1,0,0,47,40,0,5,0,1,0,380,426,473
1401,Sawmill product manufacturing,7,2,2,0,0,1,3,2,1,2,5,0,0,1,0,0,0,0,0,0,1,0,0,0,0,0,0,0,0,0,0,63,751,263,0,0,1,0,0,0,0,0,0,0,0,0,0,0,2,1,0,2,0,0,0,1,0,0,1,0,0,1,176,2,0,1,0,1,0,504,75,154, 1 323,41,31,1,3,1,2,0,0,0,1,0,0,0,0,1,0,0,0,0,2,5,2,2,0,1,0,5,5,0,3,4,1,1,0,0,0,0,0,17,0,0, 3 485,46,0,12,0,3,-39, 1 501, 1 524, 5 009
1402,Other wood product manufacturing,10,3,5,1,0,2,3,7,7,10,28,2,2,2,0,2,1,0,1,2,1,2,1,1,1,0,0,4,0,0,0,20,192,3,1,1,10,1,0,2,0,19,1,7,0,2,18,2,7,1,0,113,4,8,3,17,19,20,3,1,1,20,380,7,1,2,0,14,9, 4 317,589,294, 2 361,19,17,4,9,13,4,1,2,3,12,0,2,0,1,4,0,1,1,1,2,32,7,5,2,2,2,11,21,3,38,75,19,11,5,6,2,1,7,27,2,0, 8 942,277,0,237,13,94,-83,149,688, 9 630
1501,"Pulp, paper and paperboard manufacturing",1,9,1,0,0,0,0,0,3,3,8,0,6,25,2,60,17,3,27,8,34,33,82,11,8,0,0,1,0,0,0,1,10,69,239,205,3,58,0,20,6,23,3,2,1,33,9,1,1,2,0,5,0,5,2,0,0,0,4,2,1,5,1,0,2,4,3,1,5,91,2,38,33,215,130,2,9,7,3,4,9,7,1,285,1,0,0,1,1,5,0,17,4,0,3,4,1,7,3,55,1,6,2,3,1,6,10,5,0,0,1,2,11,2, 2 060,144,0,13,0,3,16,575,751, 2 811
1502,Paper stationery and other converted paper product manufacturing,4,33,4,0,0,0,1,5,9,3,16,1,5,72,5,178,54,10,67,26,102,109,208,29,25,0,0,1,0,0,0,1,6,29,166,103,6,177,1,37,17,53,4,3,1,66,8,1,2,1,0,10,2,14,8,2,2,3,15,5,5,18,3,1,13,11,2,2,14,227,21,100,106,484,370,25,123,14,5,7,15,13,2,131,2,1,1,14,0,19,10,26,7,3,7,44,8,39,7,102,10,12,34,52,7,170,112,6,2,2,9,13,32,3, 4 173, 1 814,0,46,1,10,16,709, 2 596, 6 769
1601,Printing (including the reproduction of recorded media),45,10,178,5,1,10,43,27,27,6,45,3,8,9,2,20,3,1,32,5,37,25,12,5,12,0,0,2,0,0,0,2,9,12,75,203,13,19,0,9,2,21,0,2,2,18,8,2,7,1,1,26,11,29,21,4,1,3,13,7,2,19,8,2,10,23,8,4,20,154,48,77,223,188,532,19,53,57,4,99,214,39,66,319,60,25,4,93,1,46,137,125,29,0,231,647,64,113,39,231,62,26,77,86,25,70,33,58,84,101,41,24,68,5, 5 893,233,0,52,2,13,-30,203,471, 6 364
1701,Petroleum and coal product manufacturing,545,68,397,75,303,71,50, 1 008,106, 1 079,454,82,77,20,1,13,5,3,5,14,8,15,5,6,12,0,1,2,0,0,4,3,10,3,6,4,60,7,0,170,10,25,5,8,1,25,4,2,18,719,1,27,6,18,9,11,18,11,6,3,1,10,2,2,92,17,2,96,82,310,101,433,730,304,175,24,59, 2 134,196,591, 1 364,213,155,7,20,4,1,309,1,71,25,90,38,1,12,148,3,29,6,26,82,94,18,16,4,82,29,4,19,4,25,8,11,6, 13 904, 6 069,2,111,3,22,-275, 3 685, 9 618, 23 522
1801,Human pharmaceutical and medicinal product manufacturing,17,2,5,1,1,1,2,12,3,6,19,1,17,3,0,3,3,1,2,2,2,5,1,0,1,0,0,1,0,0,0,1,3,2,3,2,3,38,3,3,1,4,1,2,0,2,1,1,4,1,0,5,1,4,4,2,1,4,5,2,0,6,2,0,2,3,0,1,1,21,26,18,50,25,15,3,12,9,2,1,3,2,3,1,1,0,1,25,0,4,6,5,2,3,4,31,9,9,2,9,5,4,10,14,1,130,15,1,13,2,10,7,5,1,748, 3 599, 3 910,196,5,44,-71, 2 882, 10 564, 11 312
1802,Veterinary pharmaceutical and medicinal product manufacturing,45,3,2,0,0,0,0,1,0,1,1,0,5,0,0,0,0,0,0,0,0,0,0,0,0,0,0,0,0,0,0,0,0,0,0,0,0,12,14,0,1,0,0,0,0,0,0,0,0,0,0,1,0,0,0,0,0,0,0,0,0,1,0,0,0,0,0,0,0,1,2,3,2,1,0,0,0,0,0,0,0,0,1,0,0,0,0,4,0,0,0,0,0,0,1,12,2,2,1,3,0,0,2,4,0,2,2,1,43,1,0,0,1,0,187,10,8,17,0,4,-1,549,586,773
1803,Basic chemical manufacturing,549,25,353,2,1,2,107,235,48,82,403,29,65,8,0,9,3,1,4,3,10,9,5,2,3,0,1,7,0,0,0,3,53,15,49,28,143,398,1,562,38, 1 225,5,28,1,19,16,18,22,11,1,22,6,28,23,32,17,20,27,81,7,31,7,10,9,16,2,44,24,133,129,172, 1 077,86,36,7,16,28,7,2,5,7,20,4,7,1,8,50,0,7,4,7,23,11,27,157,29,27,38,50,46,22,20,31,4,159,153,5,17,22,23,24,41,2, 7 752,903,62,398,7,86,-21, 4 544, 5 980, 13 732
1804,Cleaning compounds and toiletry preparation manufacturing,8,1,2,1,0,1,2,9,5,3,12,1,3,7,0,5,4,1,3,8,4,8,2,0,1,0,0,1,0,0,0,1,2,1,3,3,10,7,0,24,9,29,1,1,0,3,1,0,3,1,0,2,0,2,2,1,1,1,2,1,0,4,1,0,2,2,0,4,3,14,20,8,40,42,22,10,21,5,3,0,2,2,3,1,0,1,1,5,0,2,1,1,8,1,7,22,2,11,27,3,6,3,7,11,1,26,24,1,3,1,6,4,16,2,616,958,68,96,2,22,-2, 1 339, 2 483, 3 099
1901,Polymer product manufacturing,19,3,35,8,1,10,12,39,55,13,57,3,12,23,1,115,11,5,23,21,36,38,96,7,10,0,0,15,0,1,1,4,120,12,109,104,60,215,1,166,38,624,2,16,2,15,12,9,11,3,1,84,11,31,84,22,27,54,75,40,14,56,71,45,6,9,4,59,12,728,349,526, 3 366,375,206,32,33,80,6,11,23,67,8,10,4,1,2,10,0,3,2,2,9,205,15,65,8,16,20,46,67,12,33,56,7,131,53,7,8,7,240,130,41,2, 9 920, 1 582,0,752,16,84,114, 1 451, 3 999, 13 919
1902,Natural rubber product manufacturing,3,0,1,3,0,3,2,29,27,11,55,1,4,1,0,1,0,0,0,1,0,1,0,0,0,0,0,0,0,0,0,0,2,1,2,1,5,1,0,1,0,9,3,0,0,3,0,0,1,0,0,2,1,1,12,2,3,2,2,0,1,18,0,0,10,14,1,2,12,9,13,11,28,83,11,3,2,4,1,0,1,4,6,0,0,0,2,9,0,3,0,0,1,0,2,22,1,4,14,1,5,5,2,3,0,27,10,1,0,0,8,36,1,0,597,25,0,70,0,5,38,158,296,893
2001,Glass and glass product manufacturing,6,1,18,1,0,1,4,5,2,4,7,0,11,1,0,1,67,4,8,1,5,67,138,28,94,0,0,0,0,0,0,1,52,0,2,3,1,108,0,38,15,5,0,26,1,5,5,4,1,0,0,241,1,2,18,5,29,22,3,3,4,11,15,0,1,2,0,1,1,561,237,97,846,216,32,6,12,2,0,9,18,0,4,0,0,0,0,6,0,0,0,0,5,2,5,39,9,8,2,13,6,1,9,14,1,11,3,0,1,1,48,38,6,1, 3 377,226,0,45,0,9,-83,104,302, 3 679
2002,Ceramic product manufacturing,2,0,4,0,0,0,1,2,1,1,2,0,2,1,0,0,0,0,0,0,0,1,0,0,0,0,0,0,0,0,0,0,0,0,0,1,0,0,0,0,0,0,0,0,0,1,0,0,0,4,0,7,0,5,1,0,0,1,1,0,1,1,0,1,0,1,0,0,0,182,13,37,562,2,1,11,25,1,0,2,4,0,1,0,0,0,0,1,0,0,0,0,0,4,1,10,2,2,0,2,1,0,7,11,0,23,53,0,1,0,1,1,1,0, 1 014,167,0,23,0,5,-31,86,250, 1 264
2003,"Cement, lime and ready-mixed concrete manufacturing",8,1,12,1,1,1,5,17,6,13,48,2,17,2,0,1,1,0,1,1,1,2,1,0,0,0,0,0,0,0,0,2,3,0,1,2,5,2,0,9,0,3,0,6,5,715,86,11,30,3,1,10,1,3,1,1,0,1,2,1,0,3,1,0,18,24,3,75,19, 1 538, 2 160,639, 3 628,9,6,1,5,6,1,6,12,1,3,0,0,0,1,5,0,1,1,4,4,13,5,39,8,8,1,9,3,1,3,3,0,9,3,1,3,2,3,8,4,0, 9 348,58,0,97,2,22,-147,132,164, 9 512
2004,Plaster and concrete product manufacturing,9,2,27,1,0,1,6,7,3,6,11,1,15,2,0,1,1,0,1,1,0,1,3,1,1,0,0,0,0,0,0,1,9,0,1,4,1,2,0,1,0,2,0,1,1,3,8,1,2,1,0,23,1,3,1,2,1,2,2,2,0,4,1,0,7,6,1,1,1,473,424,206, 1 885,6,4,1,2,2,0,14,27,1,5,0,0,0,0,7,0,0,0,0,0,3,4,52,13,12,1,16,3,1,3,4,0,10,2,0,3,2,3,14,3,0, 3 407,49,0,86,2,14,-66,52,137, 3 544
2005,Other non-metallic mineral product manufacturing,4,1,12,0,0,1,3,3,3,2,6,0,1,2,0,1,0,0,1,0,0,1,0,0,0,0,0,0,0,0,0,1,2,0,1,2,1,1,0,1,0,4,0,19,38,4,36,43,1,1,0,6,1,4,1,1,0,0,1,0,0,2,2,1,2,2,0,1,1,250,155,169,624,2,2,0,1,1,1,7,13,0,1,0,0,0,0,1,0,0,0,1,0,4,1,11,3,3,1,4,3,1,1,2,0,2,1,0,1,1,1,3,67,0, 1 561,13,0,26,1,8,-8,337,378, 1 939
2101,Iron and steel manufacturing,9,1,7,1,0,1,4,88,52,27,117,4,103,4,0,3,2,0,2,2,2,3,1,1,1,0,0,1,0,0,0,2,18,2,5,4,40,14,0,10,1,15,1,2,0,18,33,15,590,22,84, 1 296,245,404,108,64,56,199,68,46,20,215,55,10,8,15,3,11,8,642,253,303, 2 374,28,17,3,9,8,40,1,4,4,11,0,2,0,2,89,0,3,1,10,5,15,21,175,32,23,5,25,14,7,19,30,4,18,11,3,3,3,9,65,6,1, 8 446,119,152,79,2,12,125, 1 577, 2 066, 10 512
2102,Basic non-ferrous metal manufacturing,20,2,13,2,0,0,7,46,40,21,122,5,83,5,0,11,1,1,2,2,6,3,1,1,2,0,0,2,0,0,1,4,18,3,18,6,24,15,0,9,2,34,2,3,1,17,3,2,151,395,15,61,0,223,23,50,5,15,26,59,15,33,33,213,8,15,2,12,12,62,61,85,97,154,33,7,17,10,9,3,6,13,37,1,1,1,8,119,0,13,1,12,11,10,29,179,33,35,15,45,18,8,15,23,3,33,30,1,8,9,5,10,9,1, 3 212,166,159, 1 468,13,48,- 1 049, 41 461, 42 267, 45 479
2201,Forged iron and steel product manufacturing,1,0,0,0,0,0,0,41,16,7,39,1,25,0,0,0,0,0,0,0,0,1,0,0,0,0,0,0,0,0,0,0,1,0,0,0,0,0,0,1,0,1,0,0,0,1,14,0,16,0,0,113,5,15,10,12,122,1,4,9,1,53,5,1,4,7,2,2,0,6,8,12,36,11,8,0,2,1,6,1,0,2,0,0,0,0,0,1,0,0,0,0,0,0,1,6,0,1,0,0,1,1,1,2,0,3,1,0,1,1,7,19,1,0,676,20,0,46,1,3,-13,82,139,815
2202,Structural metal product manufacturing,24,4,11,13,1,23,24,539,196,239,771,71,129,7,0,5,2,1,7,3,2,5,32,18,2,0,0,3,0,0,0,4,16,73,4,3,16,8,0,11,1,103,0,92,1,142,430,114,74,4,9,673,21,117,34,26,255,21,45,102,11,335,35,25,21,34,5,60,4, 3 870, 1 350, 1 023, 3 769,102,171,4,27,16,280,3,7,78,24,1,8,1,4,46,0,8,5,5,15,18,24,115,25,19,17,19,46,6,104,168,27,55,21,17,21,5,38,128,12,1, 16 766,207,0,749,20,75,-678,687, 1 060, 17 826
2203,Metal containers and other sheet metal product manufacturing,6,0,1,3,0,2,4,47,35,12,100,3,9,2,0,17,4,0,4,1,1,7,112,29,12,0,0,1,0,0,0,1,8,0,2,1,14,16,0,27,0,53,0,0,0,3,3,3,12,1,0,66,45,35,98,5,5,2,8,5,10,179,7,5,4,6,6,8,1,364,157,128,358,32,61,5,8,41,10,13,1,32,7,0,1,0,1,10,0,3,2,1,2,36,7,33,5,8,5,6,10,2,5,7,1,27,6,1,5,5,17,30,9,0, 2 516,86,0, 1 176,105,239,-51,222, 1 777, 4 293
2204,Other fabricated metal product manufacturing,22,3,13,7,1,13,12,157,89,24,143,7,22,6,1,6,3,1,4,4,4,7,15,5,3,0,0,5,0,0,1,9,101,7,8,6,6,17,0,54,3,82,1,3,7,8,21,14,64,14,5,473,253,320,104,72,26,44,50,47,16,142,67,13,17,28,4,112,18,577,161,242, 1 167,91,106,7,23,22,9,2,7,10,3,1,10,1,1,14,0,2,2,2,5,36,10,57,8,7,6,27,108,18,20,34,3,47,31,10,19,21,43,67,33,5, 5 885,753,0,270,15,58,-96, 1 106, 2 106, 7 991
2301,Motor vehicles and parts; other transport equipment manufacturing,16,2,11,2,1,2,7,20,13,10,37,2,9,6,1,6,5,1,4,5,4,9,3,1,2,0,0,2,0,1,1,2,5,1,3,4,7,4,0,4,1,4,0,4,0,3,2,1,5,1,1,11,2,6,109,7,4,6,12,8,2,23,3,1,4,5,1,3,5,55,50,66,177,99,89,7,65,132,12,3,12,14,20,2,3,2,4,31,0,4,8,17,29,5,22,97,26,44,15,15,464,8,22,34,7,51,22,4,11,7,746,28,9,1, 2 990, 7 831,11,- 1 836,121,329,169, 1 680, 8 304, 11 294
2302,Ships and boat manufacturing,1,0,0,35,0,96,12,8,4,6,27,1,31,2,0,1,0,0,1,1,1,1,0,0,1,0,0,0,0,0,0,0,1,1,1,1,6,3,0,1,0,2,0,1,0,3,0,0,2,0,0,5,1,1,1,23,2,7,1,6,0,9,0,0,1,1,0,1,3,10,17,53,44,103,84,2,50,11,5,374,6,8,127,1,2,2,2,47,0,1,6,11,34,0,35,191,46,28,16,15,523,6,8,9,5,12,7,2,7,3,2,2,2,0, 2 233,465,1,948,63, 1 365,-197,839, 3 484, 5 717
2303,Railway rolling stock manufacturing,2,0,2,0,0,0,1,232,11,105,29,1,19,2,0,1,0,0,1,1,1,1,0,0,1,0,0,0,0,0,0,0,1,1,2,2,8,4,0,2,0,3,0,1,0,2,0,0,1,5,0,6,1,5,2,2,872,4,6,1,0,3,0,0,1,2,0,0,4,16,13,113,47,118,110,4,75,18,943,11,7,11,39,1,2,2,3,60,0,1,9,20,49,6,34,88,29,41,19,19,3,7,11,12,7,16,10,3,8,4,2,2,4,1, 3 358,29,59, 1 080,7,38,255,59, 1 527, 4 885
2304,Aircraft manufacturing,8,1,4,0,0,0,2,7,5,3,21,1,18,2,0,2,1,0,1,1,1,2,1,0,1,0,0,0,0,0,0,1,2,1,2,2,7,4,0,3,0,3,0,1,0,2,0,0,1,0,0,6,1,2,3,2,1,33,3,2,0,5,1,0,1,2,0,1,4,18,14,20,51,96,89,3,64,14,6,19, 1 880,98,40,1,2,2,2,52,0,1,7,16,40,0,27,74,24,33,16,42,118,7,10,30,15,21,11,3,7,4,5,4,4,1, 3 172,136,55,637,2,820,-232,940, 2 358, 5 530
2401,"Professional, scientific, computer and electronic equipment manufacturing",30,5,62,5,1,4,15,30,20,17,71,4,35,4,0,5,3,1,3,3,4,6,4,1,2,0,0,2,0,0,1,1,5,2,6,11,6,15,0,7,1,11,1,3,1,7,3,0,5,2,0,22,4,15,15,7,26,8,31,52,2,27,4,3,9,17,2,6,5,60,48,40,121,80,30,4,17,35,6,31,61,7,11,3,5,2,101,57,0,9,7,29,9,5,22,209,55,62,16,32,34,10,14,19,2, 1 112,62,0,8,6,22,23,15,2, 3 186, 1 057,53, 1 501,156,625,40, 4 448, 7 881, 11 067
2403,Electrical equipment manufacturing,16,2,20,5,1,8,8,30,15,9,41,2,16,7,1,8,4,1,3,5,7,8,4,2,2,0,0,2,0,0,1,2,6,5,7,6,6,5,0,4,1,8,1,2,0,6,2,1,5,1,0,16,4,8,8,13,15,14,51,66,12,96,3,7,59,95,4,14,14,196,259,196,659,38,23,7,26,41,3,7,16,24,9,1,6,3,2,82,0,8,1,3,4,7,7,87,10,17,6,27,13,7,15,23,3,64,24,9,25,27,53,39,13,2, 2 888,339,17,702,34,97,58,865, 2 112, 5 000
2404,Domestic appliance manufacturing,3,0,2,0,0,0,1,3,1,1,4,0,1,1,0,2,1,0,1,1,1,2,1,0,0,0,0,1,0,0,0,0,1,0,1,1,1,1,0,1,0,1,0,0,0,1,0,0,1,0,0,2,0,1,2,2,1,1,2,1,60,37,1,0,1,1,0,1,1,119,18,6,115,4,8,1,6,4,1,0,1,1,0,0,0,0,0,2,0,1,1,1,1,0,0,3,1,1,1,1,2,1,2,3,0,10,3,0,1,1,7,44,1,0,524,363,0,241,18,39,10,123,794, 1 318
2405,Specialised and other machinery and equipment manufacturing,76,7,82,32,3,42,47,263,160,98,600,39,92,19,1,15,10,2,5,12,13,21,12,4,6,0,1,4,0,1,1,5,31,6,14,29,52,25,0,42,3,64,1,20,1,26,10,3,40,4,1,138,19,174,62,60,71,26,67,53,11,214,8,17,35,47,5,45,15,157,142,126,462,179,50,9,34,44,15,26,50,22,36,1,9,2,8,98,1,14,1,6,14,6,21,201,30,54,30,54,97,15,31,49,7,75,34,9,18,20,173,274,22,3, 5 836,798,56, 4 218,118,325,22, 2 324, 7 862, 13 698
2501,Furniture manufacturing,3,1,2,0,0,1,1,3,3,2,8,0,0,3,0,3,1,0,1,1,2,4,12,4,3,0,0,3,0,0,0,1,2,0,3,3,3,1,0,3,0,7,0,1,0,3,2,0,3,1,0,13,1,2,105,7,2,3,1,1,0,3,14,1,1,1,0,2,3,702,174,45,328,18,31,4,8,8,2,1,4,5,5,0,6,0,0,2,0,2,1,1,2,4,27,89,5,4,3,20,5,3,11,20,4,13,8,3,4,4,5,6,7,1, 1 851, 1 479,0,474,51,642,4,268, 2 917, 4 768
2502,Other manufactured products,9,1,6,1,0,2,2,9,5,3,13,1,1,2,0,1,1,0,1,1,1,2,2,0,1,0,0,1,0,1,0,1,6,0,3,3,1,2,0,3,0,2,0,0,0,2,2,1,2,3,0,7,1,4,9,15,12,3,5,4,3,8,5,22,2,4,0,8,15,76,33,30,131,21,46,30,20,8,5,1,2,7,3,0,6,3,0,2,0,2,1,2,4,14,8,34,1,25,13,9,15,7,23,30,8,52,53,6,41,15,57,23,34,4, 1 129,448,1,59,1,23,3,921, 1 455, 2 584
2601,Electricity generation,122,25,125,1,1,1,26,302,569,366,695,63,81,104,1,50,10,6,16,9,180,18,13,29,28,4,1,12,4,14,4,21,56,94,75,17,122,82,2,118,82,84,32,51,8,61,19,3,158,902,16,69,13,34,79,12,13,26,6,19,6,57,25,25,327,709,3,235,5,16,26,119,33,344,830,207,532,48,148,2,21,31,233,22,40,9,24,194,1,79,37,73,425,0,375,375,29,53,16, 1 496,16,52,196,72,32,246,73,11,29,32,29,18,34,12, 13 236, 6 946,0,336,124,139,14,196, 7 755, 20 991
2605,"Electricity transmission, distribution, on selling and electricity market operation",170,54,223,1,2,2,55,401,764,496,945,89,155,145,2,71,15,9,26,14,234,27,19,39,39,6,2,16,5,19,6,33,79,114,87,23,254,165,3,172,114,110,42,67,11,83,25,4,218, 1 223,21,90,19,44,105,17,18,36,8,25,8,75,34,34, 3 457, 20 356,4,445,9,40,63,247,97,500, 1 098,269,727,93,238,4,35,46,318,30,52,13,49,382,1,106,51,110,585,6,499,519,52,86,31, 1 891,22,71,267,104,44,332,100,16,43,44,39,25,47,16, 41 091, 8 080,1, 2 295,923,993,1,416, 12 709, 53 800
2701,Gas supply,5,0,0,2,0,0,0,16,159,50,14,6,0,18,0,20,7,14,13,11,10,23,6,7,10,0,0,1,0,1,0,2,15,24,27,6,69,0,0,484,0,41,4,55,9,11,27,7,38,198,3,15,8,10,5,1,2,2,2,1,1,3,1,1,529,0, 2 022,0,0,0,0,0,9,13,7,3,126,27,0,0,0,0,6,5,1,0,0,3,0,1,0,0,7,2,6,32,0,8,0,9,1,3,14,10,2,19,23,0,1,1,3,1,5,2, 4 371, 1 097,0,18,4,6,0,31, 1 157, 5 528
2801,"Water supply, sewerage and drainage services",475,146,566,1,0,3,19,49,4,21,85,6,13,56,0,30,12,2,21,4,24,39,24,30,4,0,1,6,0,1,0,1,18,54,52,11,101,107,0,40,7,52,1,9,1,45,9,1,62,3,2,19,2,10,88,8,7,0,8,5,2,44,3,2,57,67,2,655,143,744,73,100,708,86,49,67,345,90,5,6,6,3,51,17,8,5,5,190,1,63,65,63,220,0,737, 1 127,2,306,154,188,54,167,72,113,12,332,168,15,257,20,75,35,58,5, 10 207, 10 580,898,867,328,365,0,151, 13 189, 23 396
2901,"Waste collection, treatment and disposal services",208,64,92,0,1,14,18,41,148,27,64,3,6,33,1,25,20,6,27,19,51,19,33,10,28,0,1,6,0,1,3,4,20,10,3,15,26,19,0,39,4,57,6,57,4,42,9,5,53,28,7,129,15,35,17,7,48,43,17,23,7,54,13,15,94,198,6,39, 1 372,317,116,373, 1 104,630,171,35,195,278,13,49,27,21,310,1,12,1,3, 1 326,0,30,35,167,81,570,372, 1 058, 1 056,682,342,42,59,217,40,100,181, 1 191,242,130,29,13,25,19,54,5, 15 232,521,622,159,14,39,0,23, 1 379, 16 611
3001,Residential building construction,186,46,126,5,0,7,49,169,407,450,428,42,25,4,0,3,1,0,2,2,2,5,5,2,2,0,0,0,0,0,0,30,43,2,8,10,25,7,0,4,1,7,0,2,0,8,1,0,7,16,1,14,4,7,7,7,2,3,7,3,1,9,11,10,72,258,41,109,23, 3 311, 2 245, 1 625, 6 899,493,232,146,144,60,220,27,63,24,295,8,8,22,10,149,0,55,69,85,93, 2 207,599,513,216,123,56,759,826,56,48,62,13,124,63,11,24,19,19,58,49,3, 24 864,58,16, 69 134,278, 2 662,0,185, 72 333, 97 197
3002,Non-residential building construction,138,33,121,7,1,10,47,147,326,317,327,30,22,6,0,4,1,0,3,2,3,6,7,2,3,0,0,1,0,0,0,10,22,3,11,16,36,10,0,6,1,10,1,2,0,12,2,0,10,12,1,19,5,11,11,10,3,5,6,4,1,11,3,3,46,113,27,35,23, 1 128,554,644, 1 885,429,258,112,171,69,162,39,89,32,251,11,11,20,10,151,0,64,74,113,120, 1 545,560,675,249,157,72,594,592,63,54,63,17,150,75,15,35,27,25,82,63,4, 13 579,76,236, 36 065,929, 7 970,0,263, 45 540, 59 119
3101,Heavy and civil engineering construction,217,8,83,1,0,2,14,307,149,267, 1 145,95,7,3,0,2,1,0,1,1,1,2,2,1,1,0,0,0,0,0,0,4,7,1,3,4,22,3,0,2,0,3,0,1,0,4,1,0,3,2,0,7,2,3,3,3,1,2,2,1,0,4,2,1,22,89,7,19,20,323,260,182,833,152,71,5,37, 1 714,315,28,24,8,60,3,3,3,2,61,0,22,26,36,30,9,157,184,82,49,21,342,935,29,16,17,7,64,26,5,9,7,7,19,24,2, 8 772,34,1, 30 938, 11 438, 21 695,0,765, 64 872, 73 644
3201,Construction services,980,231,606,37,6,26,244,902, 1 940, 2 227, 2 666,227,230,35,4,43,25,9,26,28,27,47,33,6,18,1,2,15,0,3,4,269,366,19,59,64,142,62,1,43,9,91,4,14,7,119,24,4,28,81,3,96,23,53,82,49,14,30,99,30,7,109,116,103,441, 2 004,250,996,73, 27 863, 20 804, 12 996, 62 826, 2 376, 1 017,682,416,294, 1 022,132,254,136, 1 333,23,29,102,250,896,2,384,287,309,281, 10 329, 2 950, 3 219, 1 192,759,191, 3 499, 3 919,292,306,357,48,655,376,32,90,99,166,161,242,20, 180 252, 1 782,62, 50 523, 4 904, 12 968,0, 1 449, 71 689, 251 941
3301,Wholesale trade, 1 859,138,771,108,109,112,426, 1 117,506,569, 1 920,124,211,474,50,410,348,95,244,352,322,596,173,87,115,20,21,153,0,42,42,129,479,81,186,206,627,280,20,586,71,320,28,75,27,210,100,34,229,77,25,551,47,346,548,173,127,299,536,169,31,773,230,54,206,261,31,236,265, 2 875, 1 273, 1 140, 6 270, 3 720, 2 884,377, 2 209, 1 835,254,113,385,504,410,146,473,221,137, 1 226,6,582,685,724,486,163,416, 2 041, 1 062,792,496,815,593,524,894, 1 079,157, 3 144, 1 341,177,550,346, 1 330,975,574,81, 66 672, 39 735,543, 9 941,528, 2 061,274, 20 665, 73 748, 140 420
3901,Retail trade,330,39,233,42,24,41,112,366,201,158,658,44,67,130,13,110,93,27,77,129,95,176,61,20,25,6,11,63,0,87,42,40,112,25,71,70,115,95,5,127,35,95,8,37,11,64,36,11,68,31,8,276,44,123,165,61,40,79,226,57,15,213,85,53,64,93,10,99,207, 1 017,416,436, 2 685, 1 739, 2 178,153, 1 011, 1 492,93,60,113,248,155,28,88,36,137,309,2,279,138,183,197,85,181,706,319,341,205,225,256,200,273,357,57, 1 227,842,67,187,132,401,314,248,46, 26 314, 96 630, 2 862, 2 604,96,555,-10, 5 362, 108 099, 134 413
4401,Accommodation,25,1,17,1,0,1,2,226,81,65,59,16,31,5,0,2,1,1,5,4,9,7,40,20,12,0,0,1,0,0,0,1,4,2,15,10,114,17,0,22,2,13,0,3,1,11,2,0,6,1,1,27,4,8,15,5,3,3,7,2,1,9,1,1,9,16,1,10,21,29,6,42,805,302,257,6,126,65,13,4,27,33,71,7,11,13,8,111,0,57,40,59,87,0,55,374,75,166,34,96,13,35,46,68,16,22,42,13,25,21,7,5,25,3, 4 324, 6 593,11,5,0,1,0, 7 641, 14 251, 18 575
4501,Food and beverage services,95,8,98,10,2,12,12,193,118,45,245,14,63,11,1,4,4,4,40,33,51,49,333,166,102,0,1,6,0,0,0,12,17,8,66,52,151,105,1,109,13,56,1,13,7,76,16,3,32,4,1,155,24,42,92,25,27,2,51,10,3,45,11,9,54,88,3,46,62,78,28,89, 1 368,479,478,14,119,193,24,10,15,120,234,8,75,33,56,415,0,344,155,110,77,0,52, 2 120,169,994,93,457,69,187,178,290,47,140,73,60,122,117,41,33,87,17, 13 079, 56 302,2,38,1,9,0, 5 953, 62 305, 75 384
4601,Road transport,860,195,250,18,91,15,60,470,132,196,523,151,105,923,31,734,162,46,323,189,122,415,112,161,92,26,40,58,0,3,10,543,534,80,149,81,217,211,9,283,29,460,8,98,14,706,71,71,343,485,15,367,67,133,180,41,35,53,85,56,22,176,112,43,113,58,42,59,136, 1 571,798,637, 3 131, 2 973, 1 565,145,713, 2 558,407,490,550,800, 1 220,131,51,25,12,201,2,54,89,324,216,39,141,534,135,232,123,321,143,137,232,349,53,747,323,54,141,86,125,148,80,18, 35 524, 12 963, 1 591, 1 481,97,475,45, 9 178, 25 829, 61 353
4701,Rail transport,52,8,34,1,2,1,2,903,28,303,248,8,3,25,2,18,6,2,50,6,4,12,5,8,7,1,1,4,0,0,0,11,11,3,11,3,15,14,1,37,6,11,0,4,1,16,2,2,111,278,2,34,9,11,8,3,9,4,3,2,1,6,3,1,44,1,1,2,120,37,32,44,110,744,77,6,47,426,383,61,18,41,357,3,3,1,1,31,0,4,11,8,23,0,15,45,10,22,10,30,6,7,11,16,4,22,12,4,15,4,6,5,4,1, 5 265, 4 434,6,161,51,79,64, 5 654, 10 450, 15 715
4801,"Water, pipeline and other transport",41,3,12,8,1,17,4,54,157,58,39,7,46,23,1,24,8,11,18,12,14,29,19,13,14,0,0,3,0,1,0,6,18,25,57,12,98,39,2,451,7,64,3,43,7,25,21,6,40,171,3,69,26,21,18,4,3,2,4,2,1,7,3,1,381,5,28,2,7,63,62,83,140, 1 518,84,35,119,253,8, 1 385,90,31,242,7,2,1,2,46,0,17,49,4,21,1,43,170,4,151,16,111,104,27,51,72,7,57,46,8,15,10,22,17,14,8, 7 535, 2 884,224,275,112,120,3,923, 4 541, 12 076
4901,Air and space transport,40,3,29,1,0,2,11,130,75,59,163,17,29,3,6,4,10,3,22,7,14,19,8,3,6,0,0,2,0,1,1,1,9,2,29,14,24,14,0,33,5,54,1,2,1,24,1,2,15,1,0,49,6,15,24,10,1,2,20,12,3,50,6,2,34,58,3,46,22,138,43,48,106,727,315,112,109,196,24,27, 1 166,163, 1 265,13,24,37,19,84,1,83,83,197,28,0,57,991,518,432,69,424,137,91,211,295,47,106,60,63,138,98,18,39,83,5, 10 161, 14 047,49,99,3,20,7, 5 868, 20 094, 30 255
5101,Postal and courier pick-up and delivery service,57,10,38,1,2,2,9,83,87,25,150,10,15,19,3,22,6,2,14,9,8,15,11,5,4,1,1,3,0,2,1,11,13,4,13,16,9,12,0,21,2,43,0,3,1,33,7,3,16,12,1,22,5,12,9,7,4,2,11,12,2,26,7,4,22,36,5,29,96,240,113,109,295,593,543,44,21,637,14,18,85,782,568,43,28,16,5,135,1,159,896,932,110,1,92, 1 014,10,407,78,675,28,132,274,293,54,514,276,44,120,108,66,31,163,9, 11 926, 1 800,38,256,62,87,3, 1 815, 4 060, 15 986
5201,Transport support services and storage, 1 112,43,204,18,11,32,59, 1 143,438,208,724,83,28,171,6,147,39,18,223,74,87,170,219,132,110,4,6,12,0,2,6,71,82,41,466,99,278,587,26,163,99,260,4,29,9,270,24,13,145,117,16,829,295,198,240,55,18,18,31,26,5,74,36,14,41,45,6,31,102,564,654,913, 1 464, 6 769, 1 192,46,321, 1 583,769,466, 2 937,546, 7 060,32,27,10,11, 1 229,2,194,104,114,266,6,341, 1 805,101,847,209,634,301,216,280,437,183,340,174,40,132,93,207,84,138,8, 44 243, 3 782, 15 094, 1 099,233,682,-15, 3 660, 24 536, 68 779
5401,Publishing (except internet and music publishing),9,1,6,0,0,0,2,5,9,2,10,1,7,1,0,7,0,0,1,2,1,2,2,1,1,0,0,2,0,0,0,1,5,29,28,8,3,14,0,11,1,21,5,1,0,5,1,0,5,0,0,34,2,4,17,5,1,0,3,4,1,8,2,1,0,1,5,3,26,26,21,22,107,365,675,34,51,27,22,11,7,102,35,10,25,6,21,133,22,73,47,17,51,0,67,629,5,240,62,175,12,74,200,293,65,30,70,60,23,28,35,8,171,8, 4 491, 1 608,16,235,95,151,132, 1 872, 4 109, 8 600
5501,Motion picture and sound recording,0,0,0,0,0,0,0,0,3,0,1,0,0,0,0,0,0,0,0,0,2,0,0,0,0,0,0,0,0,0,0,0,0,0,0,0,0,0,0,0,0,0,0,0,0,0,0,0,0,0,0,0,0,0,2,0,0,0,0,0,0,0,0,0,0,0,0,0,0,0,0,0,30,5,16,6,16,1,0,17,4,0,1,0, 1 910, 1 721,0,292,6,6,7,1,56,0,39,392,3,257,2,15,6,51,37,46,3,5,9,145,1,34,2,0,12,2, 5 171, 1 255,299,957,4,472,-1,410, 3 395, 8 566
5601,Broadcasting (except internet),1,1,1,7,0,5,6,4,7,7,34,2,5,15,1,8,5,4,11,9,8,7,9,5,5,0,0,0,0,0,0,3,8,1,1,1,0,22,0,11,5,8,7,3,1,1,1,1,2,0,1,3,1,3,5,12,40,59,3,4,2,4,1,0,3,2,3,10,17,27,6,17,302,212,700,341,818,35,0,3,232,14,68,0,118,23,156,949,3,242,51,27,121,0,247,516,7,233,251,45,37,83,40,58,6,190,223,106,82,172,14,20,51,3, 7 260, 1 845,690,471,1,13,0,212, 3 232, 10 492
5701,"Internet service providers, internet publishing and broadcasting, websearch portals and data processing",11,1,9,0,0,1,2,68,61,7,47,2,7,18,0,28,3,0,3,3,4,9,27,2,11,0,0,8,0,0,0,2,27,104,107,32,32,48,0,46,2,92,2,6,1,32,4,1,140,1,4,45,3,20,266,9,11,0,17,12,4,50,3,1,65,117,5,18,71,217,80,89,229,752, 1 178,82,52,185,10,19,13,98,289,104,24,8,766,601,98,602,283,675,77,0,120,971,507,235,86,460,14,121,209,383,254,121,136,191,63,79,38,29,199,14, 12 498, 2 445,48,160,3,38,0,662, 3 355, 15 853
5801,Telecommunication services,41,7,58,3,0,5,20,96,107,11,92,4,40,37,0,140,6,0,13,8,10,16,50,6,21,0,0,13,0,0,0,6,79,6,62,80,187,81,0,99,7,171,3,14,4,112,22,7,216,1,6,197,14,66,429,49,35,0,55,44,12,185,24,13,134,245,26,102,130,699,412,384,900, 2 233, 2 786,142,214,427,38,37,81,216,798,180,40,184, 3 264, 9 909,4, 1 161,475, 1 198,313,0,406, 1 544,992,720,303, 1 340,73,279,702,746,224,773,366,159,177,222,258,187,631,36, 39 958, 15 925,151, 1 436,488,565,0, 1 822, 20 387, 60 345
6001,Library and other information services,0,0,0,0,0,0,0,0,0,0,0,0,0,0,0,0,0,0,0,0,0,0,0,0,0,0,0,0,0,0,0,0,0,0,0,0,0,0,0,0,0,0,0,0,0,0,0,0,0,0,0,0,0,0,0,0,0,0,0,0,0,0,0,0,0,0,0,0,0,0,0,0,1,0,0,0,0,0,0,0,0,0,0,0,0,0,0,0,0,1,1,0,0,0,0,4,1,1,0,4,0,1,2,4,2,0,0,0,0,1,0,0,0,0,28,487, 1 291,3,0,1,0,162, 1 944, 1 972
6201,Finance, 1 683,132,785,28,1,48,151,906, 4 080, 1 487,532,182,429,155,2,46,21,2,72,39,33,68,66,337,218,0,1,17,1,8,1,7,38,12,20,34,12,74,0,124,13,48,1,40,7,37,5,6,82,108,0,73,8,32,52,12,58,37,25,33,3,67,17,15, 1 202, 1 472,173, 1 713,76, 1 081,728,528, 1 614, 1 785, 1 554,476,788,426,326,505,124,71, 2 714,60,49,127,109, 1 199,1, 9 174, 9 210, 1 696,752, 30 426, 5 793, 5 669,293,902,293, 2 066,195,249,812,362,176, 1 656,210,32,100,97,101,48,274,27, 102 142, 39 707,115, 1 536,15,374,0, 4 036, 45 784, 147 926
6301,Insurance and superannuation funds,92,8,44,5,1,7,16,49,117,46,57,21,21,5,1,3,3,3,8,5,9,14,4,3,4,1,1,3,1,1,1,4,10,3,3,7,10,5,1,7,3,8,2,3,1,7,2,1,11,2,2,20,4,7,6,3,6,8,6,5,3,13,3,4,6,17,1,12,16,92,73,66,385,241,242,21,140,125,13,9,10,25,48,6,9,4,9,68,1,968,289,130,115, 2 381,119,398,72,104,71,346,5,26,34,22,31,126,50,12,21,19,33,13,43,4, 7 801, 47 967,1,271,15,55,0,485, 48 795, 56 596
6401,Auxiliary finance and insurance services, 1 070,86,936,13,0,48,123,450,923,456,707,127,149,102,1,88,15,11,40,24,65,61,99,73,51,0,4,11,0,1,4,17,87,20,50,65,131,73,0,139,13,111,10,25,6,129,11,3,215,7,6,192,16,20,141,28,16,2,33,26,10,114,30,22, 1 772, 1 999,133,868, 2 519, 1 052,302,209, 2 666, 1 720, 1 505,718,937,826,161,484,68,83, 1 556,2,49,2,50,352,1,799, 7 451, 1 113,528,2, 4 096, 2 210,313,967,235, 3 364,2,72,803,820,204, 1 823,221,47,132,126,249,81,38,2, 53 238, 3 047,1,415,9,97,0, 1 214, 4 784, 58 022
6601,Rental and hiring services (except real estate),157,19,80,55,5,72,152,505, 1 328,139,856,63,30,17,0,20,3,2,15,13,13,13,22,1,2,0,0,2,0,1,1,5,29,12,43,42,207,15,0,20,3,50,2,7,2,34,12,2,90,7,5,101,12,33,73,53,23,0,24,8,2,33,8,9,136,256,88,10,23,630,175, 1 036, 2 435,817,645,104,277,221,92,11,47,133,577,11,61,35,119,255,2,234,217,150,271,0,446,894,749,295,418,539,54,174,81,130,21,745,317,59,218,159,254,894,351,17, 20 430, 1 074,0,78,1,19,0, 1 309, 2 482, 22 912
6701,Ownership of dwellings,0,0,0,0,0,0,0,0,0,0,0,0,0,0,0,0,0,0,0,0,0,0,0,0,0,0,0,0,0,0,0,0,0,0,0,0,0,0,0,0,0,0,0,0,0,0,0,0,0,0,0,0,0,0,0,0,0,0,0,0,0,0,0,0,0,0,0,0,0,0,0,0,0,0,0,0,0,0,0,0,0,0,0,0,0,0,0,0,0,0,0,0,0,0,0,0,0,0,0,0,0,0,0,0,0,0,0,0,0,0,0,0,0,0,0, 209 099,299,0,0,0,0, 4 152, 213 550, 213 550
6702,Non-residential property operators and real estate services,283,34,202,0,0,1,56,306,297,114, 1 470,47,27,124,1,64,17,13,34,44,33,66,21,11,22,0,1,4,0,1,1,26,54,67,68,66,591,33,0,52,8,76,4,46,10,112,22,3,46,8,32,310,63,115,99,112,33,135,33,30,7,85,2,5,21,37,1,10,312,779,183,631, 4 114, 8 785, 8 194,229, 5 544,997,561,85,466,852, 1 442,90,163,179,200, 2 939,6,229, 1 040, 1 194, 3 999, 1 098, 4 203, 5 702, 2 064, 2 906, 1 784, 1 109,56,546,929, 1 252,549, 1 004,663,240,565,284,127,54,270,39, 74 372,10,99, 11 976,2,18,0,103, 12 208, 86 580
6901,"Professional, scientific and technical services", 1 467,144,937,71,2,30,321, 1 783,503, 1 084, 2 894,159, 4 634,141,12,333,70,15,295,107,321,290,334,108,140,1,4,34,0,9,4,36,298,88,630,545,554, 1 011,2,300,53,600,30,95,51,528,237,31,259,12,15,861,126,405,406, 1 087,235,866,253,659,49, 1 249,109,48,385,714,216,684, 3 468, 3 942, 2 598, 7 345, 7 189, 6 825, 8 077,299,905, 3 477,85,454, 1 027,398, 3 135,583,348,572,459, 4 503,14,731, 1 475, 8 601, 1 239,393, 6 786, 32 737, 6 239, 5 674, 1 272, 5 014,870,629, 1 121, 1 376,225, 3 640, 1 276,453, 1 694, 1 334, 1 035,944,791,46, 171 272, 6 523, 4 716, 9 570,45,674,0, 7 136, 28 664, 199 936
7001,Computer systems design and related services,15,4,8,6,0,1,8,89,56,17,99,6,16,19,0,21,6,2,16,13,17,25,32,2,8,0,1,10,0,1,1,5,20,8,39,33,38,58,0,58,18,65,8,23,8,52,15,2,98,3,6,47,12,26,171,15,15,11,77,26,7,67,10,6,47,89,15,11,57,124,47,59,313, 1 346,657,55,73,195,32,34,56,113,248,215,16,0,332, 3 066,6, 5 396, 7 303, 1 977,156,0,224, 2 935, 4 860, 1 454,123, 2 898,659, 1 344,780,911,179,349,307,173,52,66,26,38,340,59, 41 359,6,25, 15 471, 1 044, 2 995,0, 2 756, 22 297, 63 656
7210,"Employment, travel agency and other administrative services",963,39,106,45,1,17,151,433,400,62,432,95,207,524,3,40,147,3,26,75,51,137,168,7,142,0,1,16,2,60,9,42,247,9,114,125,79,190,0,122,24,313,43,31,8,336,70,13,183,41,1,311,18,55,296,22,112,42,67,70,23,257,58,41,226,404,10,238,277,757,239, 1 087, 2 159, 2 199, 2 015,794, 2 860,881,252,256, 2 601,350, 3 620,225,171,85,139,406,245, 2 392, 5 249, 2 682, 1 103,58,993, 9 179, 3 354, 3 204,985, 1 248,10, 1 741, 1 278, 1 654,298, 3 914, 1 483,555, 1 075,502,162,352,922,17, 74 629, 2 720, 4 803,144,4,32,0, 3 319, 11 022, 85 651
7310,"Building cleaning, pest control and other support services",21,12,49,22,0,12,52,5,34,2,53,1,4,70,10,67,79,21,37,74,47,41,27,57,103,1,1,11,0,1,3,19,31,12,74,37,15,80,0,19,3,29,15,58,30,81,31,16,4,1,6,20,5,11,9,22,7,1,5,8,2,19,6,6,1,7,6,8,80,366,198,280, 1 335, 1 392,517,757,519,89,69,62,111,172,967,3,13,1,2,175,1,10,10,27,285,534, 3 130, 1 181,8,77,951,509,64,558,544,581,99, 1 135,871,52,369,202,16,20,517,97, 20 576, 1 456,0,26,1,6,0,49, 1 539, 22 115
7501,Public administration and regulatory services,36,2,44,5,0,10,20,363,252,144,670,46,20,44,0,5,0,0,16,6,30,47,49,3,7,0,0,1,0,0,0,3,19,12,102,41,96,11,0,235,18,85,0,3,1,39,4,0,47,2,2,59,15,21,137,33,7,0,8,6,2,23,2,0,23,40,0,108,0,886,481,439,519,281,404,4,11, 1 506,35,7,1,176,894,5,12,954,3,258,1,178,190,358,103,0,91, 1 650,705,407,208, 2 729,120,252,629,653,116,362,292,42,19,21,191,80,166,3, 19 466, 1 544, 76 918, 1 474,31,177,0,233, 80 377, 99 843
7601,Defence,0,0,0,0,0,0,0,0,0,0,0,0,0,0,0,0,0,0,0,0,0,0,0,0,0,0,0,0,0,0,0,0,0,0,0,0,0,0,0,0,0,0,0,0,0,0,0,0,0,0,0,0,0,0,0,0,0,0,1,0,0,0,0,0,0,0,0,0,0,0,0,0,1,9,4,0,1,1,0,0,0,1,1,1,0,0,1,23,0,58,77,11,1,0,1,22,27,10,1,24,3,9,5,6,1,2,3,1,0,1,0,0,2,0,315,0, 34 161,786,19,182,0,161, 35 309, 35 624
7701,Public order and safety,1,0,0,1,0,1,4,164,39,61,252,17,43,6,0,3,0,0,1,16,3,3,18,0,11,0,0,1,0,0,0,4,26,20,53,1,81,121,0,45,6,119,7,10,0,63,24,0,3,0,0,125,13,33,121,13,0,0,24,11,5,54,10,3,39,51,2,25,21,136,110,116,500,256,235,15,59,113,3,8,9,54,319,1,48,1,0,12,1,105,65,30,189,7,286, 1 053,415,223,108,353,12,74,175,182,37,225,176,78,84,104,55,131,143,3, 8 093,230, 23 198,101,7,20,0,65, 23 620, 31 713
8010,Primary and secondary education services (including pre-schools and special schools),0,0,0,0,0,0,0,0,0,0,0,0,0,0,0,0,0,0,0,0,0,0,0,0,0,0,0,0,0,0,0,0,0,0,0,0,0,0,0,0,0,0,0,0,0,0,0,0,0,0,0,0,0,0,0,0,0,0,0,0,0,0,0,0,0,0,0,0,0,0,0,0,0,1,0,0,0,0,0,0,0,0,0,0,0,0,0,2,0,4,5,1,0,0,0,2,2,1,0,2,0,1,0,0,0,0,0,0,0,0,0,0,0,0,24, 27 451, 41 310,12,1,2,0,565, 69 340, 69 364
8110,"Technical, vocational and tertiary education services (including undergraduate and postgraduate)",2,0,2,0,0,0,1,31,27,9,39,2,7,8,0,10,1,1,3,3,5,3,4,1,1,0,0,1,0,1,0,1,4,1,4,7,27,15,0,6,1,11,0,2,0,19,2,0,8,1,0,16,1,3,14,4,3,0,6,3,1,12,1,0,1,48,3,7,50,26,6,7,42,29,24,5,9,21,6,2,6,7,58,7,2,4,0,11,1,313,90,320,24,0,31,324,66,118,59,74,17,53,273,321,45,66,86,26,4,4,44,7,75,12, 3 175, 18 068, 17 096, 1 096,11,267,0, 15 049, 51 588, 54 763
8210,"Arts, sports, adult and other education services (including community education)",1,0,0,0,0,0,1,7,3,2,18,0,1,1,0,0,0,0,0,0,1,0,1,0,0,0,0,1,0,0,0,0,1,1,1,1,1,8,0,1,0,1,0,0,0,3,1,0,1,1,0,2,1,1,1,0,0,0,0,0,0,0,1,0,1,2,0,3,8,4,4,5,24,15,12,1,2,15,2,1,1,2,4,1,1,0,0,1,0,1,2,0,5,0,15,33,1,9,4,44,0,1,57,96,267,7,42,57,180,1,2,2,3,0, 1 007, 7 270, 1 429,41,1,10,0,970, 9 720, 10 727
8401,Health care services,1,0,0,2,1,2,2,1,6,2,4,0,3,1,0,1,0,0,1,1,1,1,11,6,6,1,2,4,0,0,1,4,11,5,4,8,4,79,3,119,57,5,5,1,0,1,0,0,5,4,1,1,1,1,0,0,1,1,1,2,1,2,1,1,3,1,0,2,0,0,2,5,5,12,16,8,8,0,0,2,0,28,14,10,0,0,0,2,0,26, 2 245,64,7,0,9,28,2,21,34,112,127,14,74,118,12, 1 205,201,0,12,3,5,8,13,1, 4 847, 40 843, 68 464,254,3,61,0,611, 110 237, 115 084
8601,Residential care and social assistance services,0,0,0,0,0,0,0,0,0,1,1,0,0,0,0,0,0,0,0,0,0,0,0,0,0,0,0,0,0,0,0,0,0,0,0,0,0,0,0,0,0,0,0,0,0,0,0,0,0,0,0,0,0,0,0,0,0,0,0,0,0,0,0,0,0,0,0,0,0,0,0,0,0,2,2,0,1,0,0,0,0,0,0,0,0,0,0,4,0,10,13,2,1,0,1,8,5,2,0,6,1,2,1,1,0,916,37,0,0,0,0,0,0,0, 1 022, 24 220, 55 214,166,4,39,0,199, 79 842, 80 864
8901,"Heritage, creative and performing arts",4,0,1,1,1,1,2,5,5,4,21,1,9,0,0,0,0,0,0,0,0,0,2,1,1,0,0,0,0,0,0,0,1,0,1,0,2,1,0,1,0,1,0,0,0,1,0,0,0,0,0,1,0,0,1,1,0,0,0,0,0,0,1,0,5,16,0,2,1,17,0,1,16,20,35,19,33,4,17,1,1,2,3,140,230,74,13,60,2,23,8,9,45,0,14,440,9,194,54,49,43,34,347,413,79,79,162,693,254,124,1,1,42,25, 3 930, 1 397, 3 520,243,1,2,0,440, 5 603, 9 533
9101,Sports and recreation,4,2,2,2,0,0,2,56,69,20,81,7,1,0,0,1,0,0,1,0,1,1,2,0,0,0,0,0,0,0,0,0,0,1,1,1,3,0,0,1,0,3,0,1,0,3,2,0,1,1,0,3,1,1,5,2,1,0,3,0,0,1,1,1,15,11,0,2,1,113,61,61,177,286,248,16,23,11,2,8,19,3,3,0,136,0,22,7,1,59,69,90,41,0,72,389,26,139,10,100,96,54,273,306,60,252,210,54, 1 717,442,7,7,95,12, 6 104, 10 147, 3 162,85,1,20,0,908, 14 324, 20 428
9201,Gambling,4,1,3,1,0,0,1,12,8,4,10,1,2,0,0,0,0,0,1,1,2,1,8,3,2,0,0,0,0,0,0,0,0,1,2,2,6,3,0,3,0,3,0,1,0,3,1,0,1,0,0,5,1,1,4,2,1,0,2,0,0,1,1,1,1,3,0,2,1,5,2,4,61,10,9,0,1,6,1,0,1,3,5,0,1,1,13,8,0,10,5,3,3,0,5,72,15,31,3,10,1,6,5,8,1,2,2,1,2,262,4,4,2,0,708, 10 178,177,45,1,11,0,791, 11 203, 11 911
9401,Automotive repair and maintenance,69,3,45,7,4,19,30,131,111,52,273,22,42,6,0,4,5,2,17,12,17,18,23,2,1,0,0,0,0,0,0,4,13,4,5,22,62,30,0,26,5,8,0,4,2,12,2,1,8,1,2,21,4,6,38,0,0,0,1,3,0,12,13,8,26,46,1,50,260,133,26,111, 1 127,403,190,6,15, 3 177,21,58,13,283,143,1,15,3,0,191,1,57,64,62,63,0,64,128,303,141,163,111,49,67,36,62,5,82,28,29,21,20,84,126,28,2, 9 330, 11 565,0,41,0,10,0,136, 11 754, 21 084
9402,Other repair and maintenance,262,11,109,25,4,11,115,673,482,124, 1 929,60,262,32,3,31,5,9,13,30,8,33,5,1,10,0,0,28,0,1,6,28,146,28,81,55,469,51,0,18,2,146,2,9,3,247,11,0,31,0,1,72,11,29,17,30,3,53,15,9,1,49,22,10,103,186,30,125,59,398,60,191,494,708,586,12,49,192,65,71,84,275,561,14,7,11,171,947,0,296,40,178,99,41,165,786,185,339,339,107,74,84,158,188,31,97,175,13,21,27,5,58,142,10, 14 991,590,0,30,1,7,0,6,633, 15 624
9501,Personal services,9,1,9,3,3,2,1,11,15,2,27,0,2,1,0,1,0,0,1,1,1,1,2,1,1,0,0,1,0,0,0,0,1,1,1,1,4,2,0,1,0,0,0,1,0,1,0,0,2,0,0,1,0,1,1,0,0,0,0,1,0,1,1,1,5,3,0,3,43,15,17,35,43,59,161,40,18,194,3,12,4,7,43,9,108,8,0,2,1,6,6,1,13,18,17,217,3,27,12,31,91,11,30,58,1, 1 168,217,69,20,41,2,12,172,6, 3 201, 12 127,782,40,1,9,0,355, 13 314, 16 515
9502,Other services,0,0,0,0,0,0,0,10,9,8,45,1,0,7,0,0,0,0,1,0,1,1,0,0,3,0,0,0,0,0,0,0,1,2,6,1,4,9,0,5,1,11,0,0,0,3,0,0,3,0,0,6,0,2,11,2,1,0,2,0,0,2,2,0,1,3,0,1,32,131,72,71,89,9,19,1,4,5,1,7,1,1,5,1,0,0,0,2,0,20,11,1,6,0,5,95,3,22,7,8,123,11,28,42,2,70,51,0,21,2,1,0,22,1, 1 171, 11 947,26,41,1,9,0,84, 12 108, 13 279
,,,,,,,,,,,,,,,,,,,,,,,,,,,,,,,,,,,,,,,,,,,,,,,,,,,,,,,,,,,,,,,,,,,,,,,,,,,,,,,,,,,,,,,,,,,,,,,,,,,,,,,,,,,,,,,,,,,,,,,,,,,,,
T1,Total Intermediate Use, 23 868, 3 497, 12 332,951, 1 445, 1 145, 5 089, 23 090, 18 522, 14 972, 30 845, 2 992, 8 130, 26 027,793, 10 210, 2 772, 1 101, 4 521, 4 288, 5 187, 6 981, 3 299, 2 214, 4 216,318,496, 1 556,16,284,171, 3 469, 5 397, 1 702, 3 813, 2 769, 6 433, 5 294,171, 8 166, 1 031, 6 938,366, 1 669,475, 6 109, 1 797,897, 7 022, 34 764,388, 9 079, 1 697, 3 603, 4 990, 2 531, 2 602, 2 395, 2 370, 2 069,466, 5 712, 2 000, 1 035, 14 667, 30 748, 3 340, 7 801, 10 739, 69 695, 41 466, 38 832, 148 849, 61 272, 51 139, 8 575, 34 069, 28 405, 7 670, 6 399, 14 728, 7 946, 33 025, 3 028, 4 732, 4 637, 6 809, 34 982,445, 26 099, 39 203, 24 824, 13 560, 50 734, 37 038, 92 095, 27 274, 26 868, 10 530, 36 997, 13 030, 9 708, 14 109, 16 690, 4 215, 33 440, 14 908, 4 369, 10 235, 6 304, 7 123, 6 466, 8 286,981,1 569 624, 871 759, 365 771, 279 606, 23 190, 64 370,- 1 920, 459 368,2 062 144,3 631 768
,,,,,,,,,,,,,,,,,,,,,,,,,,,,,,,,,,,,,,,,,,,,,,,,,,,,,,,,,,,,,,,,,,,,,,,,,,,,,,,,,,,,,,,,,,,,,,,,,,,,,,,,,,,,,,,,,,,,,,,,,,,,,
P1,Compensation of employees, 2 816,723, 2 813,346,692,300, 1 343, 6 436, 4 445, 5 128, 6 685, 1 331, 4 993, 4 291,116, 1 777,875,164,829, 2 553, 1 555, 1 814,790,653, 1 157,83,75,694,17,493,124,774, 2 312,424, 1 264, 2 122,675, 1 790,130, 2 228,682, 2 855,234,954,311, 1 334,751,504, 2 171, 2 391,163, 3 974, 1 223, 2 156, 2 640, 1 608,819, 1 303, 2 845, 1 176,337, 3 975, 1 268,692, 1 489, 5 354,301, 3 688, 3 161, 8 453, 6 607, 15 769, 44 124, 45 102, 52 215, 5 007, 26 392, 16 295, 4 958, 1 939, 5 610, 4 010, 11 040, 2 863, 2 137, 2 098, 2 977, 8 518,582, 23 285, 7 822, 17 510, 5 065,0, 13 944, 73 216, 24 051, 49 512, 6 828, 50 663, 13 888, 17 674, 46 562, 30 611, 3 388, 59 633, 57 054, 1 954, 5 126, 2 219, 5 730, 3 862, 4 868, 9 545, 918 895,0,0,0,0,0,0,0,0, 918 895
P2,Gross operating surplus & mixed income, 13 428, 4 071, 9 630,416, 1 284, 1 064, 1 347, 40 245, 53 397, 57 073, 7 054, 1 677, 2 677, 1 947,216,962,191,202,227,227,993, 2 021,650, 1 105,705,73,184,435,5,121,53,623, 1 211,282,609,450, 4 621, 2 341,111, 1 256, 1 000, 1 359,130,579,337, 1 292,545,326,510, 1 319,164, 1 756,633,475,886,598,224,557, 2 850,612,221, 1 214,652,492, 4 619, 12 755, 1 589, 10 321, 1 511, 10 875, 5 888, 14 168, 34 238, 24 174, 24 046, 2 936, 7 678, 7 952, 2 212, 3 145, 4 123, 2 015, 22 587, 1 785,689, 2 185, 4 898, 12 660,863, 90 803, 4 530, 12 861, 2 807, 143 389, 29 329, 24 212, 7 613, 4 611, 3 456, 8 960, 6 277, 2 442, 4 819, 3 186, 2 527, 14 043, 4 635, 2 771, 1 503, 1 983, 2 885, 2 087, 1 724, 1 929, 839 209,0,0,0,0,0,0,0,0, 839 209
P3,Taxes less subsidies on products,593,69,384,38,129,40,95,28,110,318,122,39,39,142,4,66,11,16,30,34,35,48,34,162,53,4,2,21,0,2,6,16,25,14,13,12,140,10,1,162,9,36,8,15,3,26,10,3,14,117,2,66,11,31,67,18,22,9,8,7,3,24,9,5,157,33,4,126,72,382,121,225, 1 579,253,367,402, 2 152,833,-40,64,134,295,306,28,25,6,4,702,1, 1 648, 2 460,216,359, 3 148,805, 1 433,239,409,339,149,136,176,223,495,50,132,99,11,35,61,125,27,81,14, 24 693, 76 975,0, 24 556,10,93,-537,465, 101 562, 126 255
P4,Other taxes less subsidies on production,701,61,253,18,6,30,86,398,251,334,431,169,241,180,6,109,38,8,45,124,68,83,44,41,64,3,2,36,5,20,6,66,119,32,79,119,36,68,4,150,36,171,12,65,38,133,51,23,104,117,6,228,61,113,139,65,18,57,137,65,15,199,80,32,- 1 103, 3 693,157,358,194,757,443,584, 2 463, 2 572, 3 297,695, 1 585, 1 910,79,105,282,319, 1 003,147,155,123,123,206,23, 4 981, 1 275, 1 048,318, 15 765, 4 526, 3 233, 1 004, 1 979,314, 1 068,0,810,813,102,20, 1 626, 1 007,-199,243,181,445,168,289,636, 68 321,0,0,0,0,0,0,0,0, 68 321
P5,Complementary imports,0,0,0,0,0,0,0,0,0,0,0,0,0,0,0,0,0,0,0,0,0,0,0,0,0,0,0,0,0,0,0,0,0,0,0,0,0,0,0,0,0,0,0,0,0,0,0,0,0,0,0,0,0,0,0,0,0,0,0,0,0,0,0,0,0,0,0,0,0,0,0,0,0,0,0,0,0,0,0,0,0,0,0,0,0,0,0,0,0,0,0,0,0,0,0,0,0,0,0,0,0,0,0,0,0,0,0,0,0,0,0,0,0,0,0,0,0,0,0,0,0,0,0,0
P6,Competing imports, 3 012,343, 1 407,322,537,377,405, 4 501, 1 663, 2 763, 4 931,458,803,360,80,857,856,332,347,957,756, 1 501,605,240,233,12,54,260,1,172,114,61,566,357,991,892, 11 617, 1 809,356, 1 770,341, 2 560,143,397,100,618,390,186,691, 6 771,93, 2 723,668, 1 613, 2 572,898, 1 200, 1 209, 2 857, 1 071,277, 2 574,759,328, 1 162, 1 218,137, 1 102,934, 7 035, 4 594, 4 066, 20 688, 7 047, 3 349,961, 3 508, 5 958,836,424, 5 377, 1 400,818,749,828, 1 443, 1 042, 3 278,58, 1 110, 1 307, 1 563,803,515,938, 5 747, 3 475, 2 272,649, 2 006, 2 294,903, 2 838, 3 679,527, 6 210, 3 160,627, 3 286, 1 164, 4 776, 3 014, 1 267,175, 211 026, 130 769, 5 404, 48 837, 1 593, 11 444, 1 718, 10 977, 210 743, 421 769
,,,,,,,,,,,,,,,,,,,,,,,,,,,,,,,,,,,,,,,,,,,,,,,,,,,,,,,,,,,,,,,,,,,,,,,,,,,,,,,,,,,,,,,,,,,,,,,,,,,,,,,,,,,,,,,,,,,,,,,,,,,,,
,Australian Production, 44 418, 8 764, 26 818, 2 091, 4 093, 2 956, 8 365, 74 698, 78 388, 80 588, 50 068, 6 666, 16 883, 32 947, 1 215, 13 982, 4 744, 1 822, 5 999, 8 183, 8 594, 12 448, 5 421, 4 415, 6 429,493,812, 3 001,44, 1 091,473, 5 009, 9 630, 2 811, 6 769, 6 364, 23 522, 11 312,773, 13 732, 3 099, 13 919,893, 3 679, 1 264, 9 512, 3 544, 1 939, 10 512, 45 479,815, 17 826, 4 293, 7 991, 11 294, 5 717, 4 885, 5 530, 11 067, 5 000, 1 318, 13 698, 4 768, 2 584, 20 991, 53 800, 5 528, 23 396, 16 611, 97 197, 59 119, 73 644, 251 941, 140 420, 134 413, 18 575, 75 384, 61 353, 15 715, 12 076, 30 255, 15 986, 68 779, 8 600, 8 566, 10 492, 15 853, 60 345, 1 972, 147 926, 56 596, 58 022, 22 912, 213 550, 86 580, 199 936, 63 656, 85 651, 22 115, 99 843, 35 624, 31 713, 69 364, 54 763, 10 727, 115 084, 80 864, 9 533, 20 428, 11 911, 21 084, 15 624, 16 515, 13 279,3 631 768,1 079 503, 371 175, 352 999, 24 794, 75 907,-739, 470 810,2 374 449,6 006 217
,,,,,,,,,,,,,,,,,,,,,,,,,,,,,,,,,,,,,,,,,,,,,,,,,,,,,,,,,,,,,,,,,,,,,,,,,,,,,,,,,,,,,,,,,,,,,,,,,,,,,,,,,,,,,,,,,,,,,,,,,,,,,
,Value Added, 16 945, 4 855, 12 696,780, 1 982, 1 394, 2 776, 47 079, 58 093, 62 535, 14 170, 3 177, 7 911, 6 418,338, 2 848, 1 104,374, 1 101, 2 904, 2 616, 3 918, 1 484, 1 799, 1 926,159,261, 1 165,27,634,183, 1 463, 3 642,738, 1 952, 2 691, 5 332, 4 199,245, 3 634, 1 718, 4 385,376, 1 598,686, 2 759, 1 347,853, 2 785, 3 827,333, 5 958, 1 917, 2 744, 3 665, 2 271, 1 061, 1 917, 5 832, 1 853,573, 5 388, 2 000, 1 216, 5 005, 21 802, 2 047, 14 367, 4 866, 20 085, 12 938, 30 521, 80 825, 71 848, 79 558, 8 638, 35 655, 26 157, 7 249, 5 189, 10 015, 6 344, 34 630, 4 795, 2 981, 4 406, 7 998, 21 384, 1 468, 119 069, 13 627, 31 419, 8 190, 159 154, 47 799, 100 661, 32 668, 56 102, 10 598, 60 691, 20 165, 20 926, 52 194, 33 899, 5 935, 75 302, 62 696, 4 526, 6 872, 4 383, 9 060, 6 117, 6 881, 12 110,1 826 425,0,0,0,0,0,0,0,0,0
,,,,,,,,,,,,,,,,,,,,,,,,,,,,,,,,,,,,,,,,,,,,,,,,,,,,,,,,,,,,,,,,,,,,,,,,,,,,,,,,,,,,,,,,,,,,,,,,,,,,,,,,,,,,,,,,,,,,,,,,,,,,,
GDP,Gross Domestic Product,,,,,,,,,,,,,,,,,,,,,,,,,,,,,,,,,,,,,,,,,,,,,,,,,,,,,,,,,,,,,,,,,,,,,,,,,,,,,,,,,,,,,,,,,,,,,,,,,,,,,,,,,,,,,,,,,,,,,,,,,,,,1 952 680
,,,,,,,,,,,,,,,,,,,,,,,,,,,,,,,,,,,,,,,,,,,,,,,,,,,,,,,,,,,,,,,,,,,,,,,,,,,,,,,,,,,,,,,,,,,,,,,,,,,,,,,,,,,,,,,,,,,,,,,,,,,,,
, Commonwealth of Australia 2021,,,,,,,,,,,,,,,,,,,,,,,,,,,,,,,,,,,,,,,,,,,,,,,,,,,,,,,,,,,,,,,,,,,,,,,,,,,,,,,,,,,,,,,,,,,,,,,,,,,,,,,,,,,,,,,,,,,,,,,,,,,,
